{
  "Greedy": {
    "expected_reward": 2.792811400210587,
    "mean_nll": 59.45882797241216,
    "perplexity": 3.365058907290495,
    "avg_length": 48.999999999999865,
    "entropy": 5.106804335405011,
    "num_samples": 160
  },
  "Temp-0.5": {
    "expected_reward": 2.7350982319611026,
    "mean_nll": 69.17086732387546,
    "perplexity": 4.102720759685486,
    "avg_length": 48.999999999999865,
    "entropy": 5.6661247970172495,
    "num_samples": 160
  },
  "Temp-0.9": {
    "expected_reward": 2.5921792159779558,
    "mean_nll": 93.00041635036467,
    "perplexity": 6.672320367529234,
    "avg_length": 48.999999999999865,
    "entropy": 5.901010034729444,
    "num_samples": 160
  },
  "TopK-10": {
    "expected_reward": 2.734262276375668,
    "mean_nll": 90.02915518283844,
    "perplexity": 6.2797470286643895,
    "avg_length": 48.999999999999865,
    "entropy": 5.85088647242919,
    "num_samples": 160
  },
  "TopK-5": {
    "expected_reward": 2.7690104382449396,
    "mean_nll": 81.77393522262577,
    "perplexity": 5.306093201527636,
    "avg_length": 48.999999999999865,
    "entropy": 5.774167280260861,
    "num_samples": 160
  },
  "IS[topk=10; beta=10.0]": {
    "expected_reward": 3.7141282019027466,
    "mean_nll": 99.59450461716229,
    "perplexity": 7.633457671135927,
    "avg_length": 48.99999999999541,
    "entropy": 5.847612433539655,
    "num_samples": 160
  },
  "IS[topk=10; beta=1.0]": {
    "expected_reward": 2.899381940547503,
    "mean_nll": 91.2568864408507,
    "perplexity": 6.439408003862312,
    "avg_length": 48.99865364579377,
    "entropy": 5.847612433539655,
    "num_samples": 160
  },
  "IS[topk=10; beta=5.0]": {
    "expected_reward": 3.462203959218726,
    "mean_nll": 97.37942520203373,
    "perplexity": 7.296065505932316,
    "avg_length": 48.99999943631208,
    "entropy": 5.847612433539655,
    "num_samples": 160
  },
  "SMC[topk=10; beta=10.0; N=8]": {
    "expected_reward": 3.5848531266255095,
    "mean_nll": 91.17186837928719,
    "perplexity": 6.427915968669452,
    "avg_length": 49.00000000000004,
    "entropy": 5.285836942938335,
    "num_samples": 160
  },
  "SMC[topk=10; beta=1.0; N=8]": {
    "expected_reward": 2.7448150774244184,
    "mean_nll": 87.78786315095154,
    "perplexity": 5.998977535142917,
    "avg_length": 49.00000000000002,
    "entropy": 5.509076393110662,
    "num_samples": 160
  },
  "SMC[topk=10; beta=5.0; N=8]": {
    "expected_reward": 3.1703705278362415,
    "mean_nll": 92.84826343611245,
    "perplexity": 6.651633869186759,
    "avg_length": 49.000000000000036,
    "entropy": 5.252899713517161,
    "num_samples": 160
  },
  "TSMC[topk=10; N=8; beta=10.0]": {
    "expected_reward": 3.07738682109679,
    "mean_nll": 108.99690568549737,
    "perplexity": 9.248178809152426,
    "avg_length": 48.999999999999964,
    "entropy": 4.855020901008769,
    "num_samples": 160
  },
  "TSMC[topk=10; N=8; beta=1.0]": {
    "expected_reward": 3.1483394196776064,
    "mean_nll": 83.48632281977997,
    "perplexity": 5.494801736671436,
    "avg_length": 48.99999999999994,
    "entropy": 5.149256195699943,
    "num_samples": 160
  },
  "TSMC[topk=10; N=8; beta=5.0]": {
    "expected_reward": 3.845689075301351,
    "mean_nll": 95.09640518684064,
    "perplexity": 6.963922986182214,
    "avg_length": 48.99999999999999,
    "entropy": 4.818955168981148,
    "num_samples": 160
  }
}